,Pageviews Over 1 Month (per 100k),Google Trends Mean over 1 Month,Three Month Mean,Average Polling Percentage,Twitter Followers
Pageviews Over 1 Month (per 100k),1.0,0.5902318705121854,0.5117760197612418,-0.10304038842101926,-0.011543399431764861
Google Trends Mean over 1 Month,0.5902318705121854,1.0,0.5559918882068556,0.588416913922839,0.6129704799636023
Three Month Mean,0.5117760197612418,0.5559918882068556,1.0,0.5825304301692095,-0.09433016584435876
Average Polling Percentage,-0.10304038842101926,0.588416913922839,0.5825304301692095,1.0,0.5280338972804968
Twitter Followers,-0.011543399431764861,0.6129704799636023,-0.09433016584435876,0.5280338972804968,1.0
